Tool Name,Description,Best For,URL
Halliard,A hyper-fast media planning tool that streamlines budget planning across multiple channels.,Media planners seeking quick reach and frequency forecasts,https://www.halliardmedia.com/
Commspoint Influence,A Nielsen solution that helps brands and agencies identify the optimal communication channel mix.,Advertisers and agencies optimizing channel allocation,https://www.nielsen.com/solutions/media-planning/commspoint-influence/
Commspoint Journey,A tool designed to map out consumer decision-making paths and effective media channels.,Marketers focusing on consumer journey insights,https://www.nielsen.com/solutions/media-planning/
Nielsen Media Impact,Provides in-depth analysis of media campaign effectiveness using Nielsen's audience measurement data.,Brands and agencies optimizing media strategies,https://www.nielsen.com/solutions/media-planning/
Bionic,A media planning software with tools for research planning buying and campaign optimization.,Agencies and advertisers needing full-suite planning,https://www.bionic-ads.com/
Mediatool,A cloud-based media planning and marketing management platform with collaborative planning.,Marketing teams managing media plans collaboratively,https://mediatool.com/
MediaplanHQ,A media planning tool for agencies and advertisers to manage and track budgets effectively.,Agencies needing structured media plan management,https://www.mediaplanhq.com/
Galeforce Media,An all-in-one platform that streamlines media planning and buying processes.,Media buyers looking for automation,https://galeforcedigital.com/
TelmarHelixa,Media planning and data analytics solutions for audience optimization.,Advertisers needing advanced analytics,https://www.telmar.com/
Keen,A marketing simulation platform for predicting the impact of marketing plans.,Marketers optimizing marketing ROI,https://www.keends.com/
Strata,A media buying and selling platform with campaign management tools.,Agencies managing media transactions,https://www.stratag.com/
optalX,A media planning and optimization tool leveraging data analytics for better campaign performance.,Media planners optimizing media buys,https://www.optalx.com/
Placements.io,A media buying platform for omnichannel campaign activation and automation.,Brands and agencies streamlining media buying,https://www.placements.io/media-planning-activation
Guideline,A media planning software that tracks performance and optimizes spend across channels.,Advertisers improving media strategy efficiency,https://www.guideline.com/
Optimine,A marketing mix modeling tool helping allocate budgets and maximize ROI.,Businesses optimizing marketing spend,https://www.optimine.com/
Multinex,A media planning tool with predictive analytics and audience insights for cross-channel investments.,Marketers optimizing cross-channel media investments,https://www.multinex.com/
Simulmedia,A TV advertising platform leveraging data insights for targeted ad placements.,Brands enhancing TV advertising effectiveness,https://www.simulmedia.com/
Bluhorn,A media planning and buying platform for managing campaigns across multiple media channels.,Agencies and businesses requiring a comprehensive media planning tool,https://www.bluhorn.com/
SRDS Media Planning,A database and research tool offering media planning insights and audience data.,Media planners and buyers needing detailed audience research,https://www.srds.com/
BriefBid,A programmatic media buying platform that connects advertisers and publishers.,Advertisers looking for automated media buying solutions,https://www.briefbid.com/
Quantcast,A data intelligence platform offering audience insights and programmatic advertising.,Marketers needing AI-driven audience analytics,https://www.quantcast.com/
Advantage,A media management software for planning buying and billing media campaigns.,Agencies and media teams managing campaign execution,https://www.gotoadvantage.com/
ClickUp,A project management and productivity tool that can be used for media planning.,Teams looking for an all-in-one project management solution,https://www.clickup.com/
Scarborough,A Nielsen tool providing in-depth consumer insights and local market data.,Marketers looking for audience and consumer segmentation insights,https://www.nielsen.com/solutions/measurement/scarborough/
Basis,A programmatic media buying platform with automated campaign management.,Agencies optimizing digital advertising campaigns,https://basis.net/
Comscore,A cross-platform measurement and media analytics company providing audience insights.,Marketers and media buyers needing performance measurement,https://www.comscore.com/
Northbeam,Marketing mix modeling platform for measuring and optimizing media effectiveness.,Marketers needing advanced attribution analysis,https://northbeam.com/
Measured,Advanced marketing mix modeling and incrementality testing platform.,Businesses requiring sophisticated marketing measurement,https://measured.com/
Recast,Marketing mix modeling platform designed for modern growth teams.,Growth teams optimizing marketing spend,https://recast.com/
Mint,Budget planning and financial management tool for media campaigns.,Marketing teams managing campaign budgets,https://mint.com/
Mediabrain,Intelligent media planning platform with AI-powered optimization capabilities.,Agencies seeking AI-driven media planning,https://mediabrain.com/